<?xml version='1.0' encoding='utf-8'?>

<knora xmlns:xsi="http://www.w3.org/2001/XMLSchema-instance" xmlns="https://dasch.swiss/schema" xsi:schemaLocation="https://dasch.swiss/schema https://raw.githubusercontent.com/dasch-swiss/dsp-tools/main/knora/dsplib/schemas/data.xsd" shortcode="082E" default-ontology="rosetta">

    <!-- :permissions see https://docs.knora.org/03-apis/api-v2/reading-user-permissions/ -->
    <permissions id="res-default">
        <allow group="UnknownUser">V</allow>
        <allow group="KnownUser">V</allow>
        <allow group="Creator">CR</allow>
        <allow group="ProjectAdmin">CR</allow>
    </permissions>
    <permissions id="res-restricted">
        <allow group="UnknownUser">V</allow>
        <allow group="KnownUser">V</allow>
        <allow group="Creator">CR</allow>
        <allow group="ProjectAdmin">CR</allow>
    </permissions>
    <permissions id="prop-default">
        <allow group="UnknownUser">V</allow>
        <allow group="KnownUser">V</allow>
        <allow group="Creator">CR</allow>
        <allow group="ProjectAdmin">CR</allow>
    </permissions>
    <permissions id="prop-restricted">
        <allow group="UnknownUser">V</allow>
        <allow group="KnownUser">V</allow>
        <allow group="Creator">CR</allow>
        <allow group="ProjectAdmin">CR</allow>
    </permissions>

    <!-- :Persons -->
    <resource label="Homer" restype=":Person" id="person_0" permissions="res-default">
        <text-prop name=":hasName">
            <text permissions="prop-default" encoding="utf8">Homer</text>
        </text-prop>
        <uri-prop name=":hasIdentifier">
            <uri permissions="prop-default">http://d-nb.info/gnd/11855333X</uri>
        </uri-prop>
        <uri-prop name=":hasExternalLink">
            <uri permissions="prop-default">https://en.wikipedia.org/wiki/Homer</uri>
        </uri-prop>
        <time-prop name=":hasTime">
            <time permissions="prop-default">1990-05-23T13:45:12Z</time>
        </time-prop>
    </resource>

    <resource label="Fernand Léger" restype=":Person" id="person_1" permissions="res-default">
        <text-prop name=":hasName">
            <text permissions="prop-default" encoding="utf8">Fernand Léger</text>
        </text-prop>
        <uri-prop name=":hasIdentifier">
            <uri permissions="prop-default">http://d-nb.info/gnd/118570994</uri>
        </uri-prop>
        <uri-prop name=":hasExternalLink">
            <uri permissions="prop-default">http://fr.wikipedia.org/wiki/Fernand_Léger</uri>
        </uri-prop>
        <time-prop name=":hasTime">
            <time permissions="prop-default">1881-02-04T12:00:00-02:00</time>
        </time-prop>
    </resource>

    <resource label="Francis Danby" restype=":Person" id="person_2" permissions="res-default">
        <text-prop name=":hasName">
            <text permissions="prop-default" encoding="utf8">Francis Danby</text>
        </text-prop>
        <uri-prop name=":hasIdentifier">
            <uri permissions="prop-default">http://d-nb.info/gnd/119116294</uri>
        </uri-prop>
        <uri-prop name=":hasExternalLink">
            <uri permissions="prop-default">https://en.wikipedia.org/wiki/Francis_Danby</uri>
        </uri-prop>
        <time-prop name=":hasTime">
            <time permissions="prop-default">0099-07-18T16:00:00Z</time>
        </time-prop>
    </resource>

    <resource label="Paul Éluard" restype=":Person" id="person_3" permissions="res-default">
        <text-prop name=":hasName">
            <text permissions="prop-default" encoding="utf8">Paul Éluard</text>
        </text-prop>
        <uri-prop name=":hasIdentifier">
            <uri permissions="prop-default">http://d-nb.info/gnd/118530062</uri>
        </uri-prop>
        <integer-prop name=":hasChildren">
            <integer permissions="prop-default">1</integer>
        </integer-prop>
        <uri-prop name=":hasExternalLink">
            <uri permissions="prop-default">https://fr.wikipedia.org/wiki/Paul_%C3%89luard</uri>
        </uri-prop>
    </resource>

    <resource label="Matsuo Bashō" restype=":Person" id="person_4" permissions="res-default">
        <text-prop name=":hasName">
            <text permissions="prop-default" encoding="utf8">Matsuo Bashō</text>
        </text-prop>
        <uri-prop name=":hasIdentifier">
            <uri permissions="prop-default">http://d-nb.info/gnd/118653369</uri>
        </uri-prop>
        <uri-prop name=":hasExternalLink">
            <uri permissions="prop-default">https://en.wikipedia.org/wiki/Matsuo_Bash%C5%8D</uri>
        </uri-prop>
        <time-prop name=":hasTime">
            <time permissions="prop-default">0006-06-06T06:06:06-06:00</time>
        </time-prop>
    </resource>

    <resource label="Ivan Krylov" restype=":Person" id="person_5" permissions="res-default">
        <text-prop name=":hasName">
            <text permissions="prop-default" encoding="utf8">Ivan Krylov</text>
        </text-prop>
        <uri-prop name=":hasIdentifier">
            <uri permissions="prop-default">http://d-nb.info/gnd/118724886</uri>
        </uri-prop>
        <uri-prop name=":hasExternalLink">
            <uri permissions="prop-default">https://en.wikipedia.org/wiki/Ivan_Krylov</uri>
        </uri-prop>
    </resource>

    <resource label="Ǧawdat Faḫr al-Din" restype=":Person" id="person_6" permissions="res-default">
        <text-prop name=":hasName">
            <text permissions="prop-default" encoding="utf8">Ǧawdat Faḫr al-Din</text>
        </text-prop>
        <uri-prop name=":hasIdentifier">
            <uri permissions="prop-default">http://d-nb.info/gnd/1148770291</uri>
        </uri-prop>
    </resource>

    <resource label="Goran Bregović" restype=":Person" id="person_7" permissions="res-default">
        <text-prop name=":hasName">
            <text permissions="prop-default" encoding="utf8">Goran Bregović</text>
        </text-prop>
        <uri-prop name=":hasIdentifier">
            <uri permissions="prop-default">http://d-nb.info/gnd/123552095</uri>
        </uri-prop>
        <integer-prop name=":hasChildren">
            <integer permissions="prop-default">4</integer>
        </integer-prop>
        <uri-prop name=":hasExternalLink">
            <uri permissions="prop-default">https://en.wikipedia.org/wiki/Goran_Bregovi%C4%87</uri>
        </uri-prop>
    </resource>

    <resource label="Beachfront" restype=":Person" id="person_8" permissions="res-default">
        <text-prop name=":hasName">
            <text permissions="prop-default" encoding="utf8">Beachfront</text>
        </text-prop>
        <uri-prop name=":hasExternalLink">
            <uri permissions="prop-default">http://www.beachfrontbroll.com</uri>
        </uri-prop>
    </resource>

    <resource label="D.art" restype=":Person" id="person_9" permissions="res-default">
        <text-prop name=":hasName">
            <text permissions="prop-default" encoding="utf8">D.art</text>
        </text-prop>
        <uri-prop name=":hasExternalLink">
            <uri permissions="prop-default">https://sketchfab.com/D.art</uri>
        </uri-prop>
    </resource>

    <!-- :Institutions -->
    <resource label="British Museum" restype=":Institution" id="inst_0" permissions="res-default">
        <text-prop name=":hasName">
            <text permissions="prop-default" encoding="utf8">British Museum</text>
        </text-prop>
        <geoname-prop name=":hasLocation">
            <geoname permissions="prop-default" comment="London">6697862</geoname>
        </geoname-prop>
        <uri-prop name=":hasIdentifier">
            <uri permissions="prop-default">http://d-nb.info/gnd/38379-X</uri>
        </uri-prop>
        <uri-prop name=":hasExternalLink">
            <uri permissions="prop-default">https://www.britishmuseum.org/</uri>
        </uri-prop>
    </resource>

    <resource label="Tate Gallery London" restype=":Institution" id="inst_1" permissions="res-default">
        <text-prop name=":hasName">
            <text permissions="prop-default" encoding="utf8">Tate Gallery London</text>
        </text-prop>
        <geoname-prop name=":hasLocation">
            <geoname permissions="prop-default" comment="London">6695209</geoname>
        </geoname-prop>
        <uri-prop name=":hasIdentifier">
            <uri permissions="prop-default">http://d-nb.info/gnd/10012396-X</uri>
        </uri-prop>
        <uri-prop name=":hasExternalLink">
            <uri permissions="prop-default">https://www.tate.org.uk/</uri>
        </uri-prop>
    </resource>

    <resource label="Centre Georges Pompidou" restype=":Institution" id="inst_2" permissions="res-default">
        <text-prop name=":hasName">
            <text permissions="prop-default" encoding="utf8">Centre Georges Pompidou</text>
        </text-prop>
        <geoname-prop name=":hasLocation">
            <geoname permissions="prop-default" comment="Paris">6269530</geoname>
        </geoname-prop>
        <uri-prop name=":hasIdentifier">
            <uri permissions="prop-default">http://d-nb.info/gnd/1038030-9</uri>
        </uri-prop>
        <uri-prop name=":hasExternalLink">
            <uri permissions="prop-default">https://www.centrepompidou.fr</uri>
        </uri-prop>
    </resource>

    <resource label="St. Catherine's Monastery" restype=":Institution" id="inst_3" permissions="res-default">
        <text-prop name=":hasName">
            <text permissions="prop-default" encoding="utf8">St. Catherine's Monastery</text>
        </text-prop>
        <geoname-prop name=":hasLocation">
            <geoname permissions="prop-default" comment="Mt. Sinai">350564</geoname>
        </geoname-prop>
        <uri-prop name=":hasIdentifier">
            <uri permissions="prop-default">http://d-nb.info/gnd/660210-1</uri>
        </uri-prop>
        <uri-prop name=":hasExternalLink">
            <uri permissions="prop-default">http://www.sinaimonastery.com</uri>
        </uri-prop>
    </resource>

    <resource label="Rockefeller Museum" restype=":Institution" id="inst_4" permissions="res-default">
        <text-prop name=":hasName">
            <text permissions="prop-default" encoding="utf8">Rockefeller Museum</text>
        </text-prop>
        <geoname-prop name=":hasLocation">
            <geoname permissions="prop-default" comment="Jerusalem">11874035</geoname>
        </geoname-prop>
        <uri-prop name=":hasIdentifier">
            <uri permissions="prop-default">http://d-nb.info/gnd/5569893-1</uri>
        </uri-prop>
        <uri-prop name=":hasExternalLink">
            <uri permissions="prop-default">https://www.imj.org.il/en/wings/archaeology/rockefeller-archaeological-museum</uri>
        </uri-prop>
    </resource>

    <resource label="Synagogue in En-Gedi" restype=":Institution" id="inst_5" permissions="res-default">
        <text-prop name=":hasName">
            <text permissions="prop-default" encoding="utf8">Synagogue in En-Gedi</text>
        </text-prop>
        <geoname-prop name=":hasLocation">
            <geoname permissions="prop-default" comment="En-Gedi">8375748</geoname>
        </geoname-prop>
        <uri-prop name=":hasIdentifier">
            <uri permissions="prop-default">http://d-nb.info/gnd/4091761-7</uri>
        </uri-prop>
        <uri-prop name=":hasExternalLink">
            <uri permissions="prop-default">https://synagogues.kinneret.ac.il/synagogues/en-gedi/</uri>
        </uri-prop>
    </resource>

    <resource label="Temple of Hathor in Dendera" restype=":Institution" id="inst_6" permissions="res-default">
        <text-prop name=":hasName">
            <text permissions="prop-default" encoding="utf8">Temple of Hathor</text>
        </text-prop>
        <geoname-prop name=":hasLocation">
            <geoname permissions="prop-default" comment="Dendera">358422</geoname>
        </geoname-prop>
        <uri-prop name=":hasIdentifier">
            <uri permissions="prop-default">http://d-nb.info/gnd/4133506-5</uri>
        </uri-prop>
        <uri-prop name=":hasExternalLink">
            <uri permissions="prop-default">https://en.wikipedia.org/wiki/Dendera_Temple_complex</uri>
        </uri-prop>
    </resource>

    <!-- :Image2D -->
    <resource label="BM K.3375" restype=":Image2D" id="img_obj_0" permissions="res-default">
        <bitstream>Images/K3375Gilgamesh.png</bitstream>
        <text-prop name=":hasTitle">
            <text permissions="prop-default" encoding="utf8">BM K.3375</text>
        </text-prop>
        <date-prop name=":hasDate">
            <date permissions="prop-default">JULIAN:BCE:0700:0600</date>
        </date-prop>
        <text-prop name=":hasDescription">
            <text permissions="prop-default" encoding="xml">
                Tablet K.3375 in the British Museum is tablet 11 of the Epic
                of Gilgameš. It
                contains the very famous story of the deluge. The tablet was found at Koyunjik in the
                Library of Ashurbanipal and it dates to the 7
                <sup>th</sup>
                century BCE.
            </text>
        </text-prop>
        <text-prop name=":hasCopyright">
            <text permissions="prop-default" encoding="utf8">© The Trustees of the British Museum</text>
        </text-prop>
        <resptr-prop name=":inInstitution">
            <resptr permissions="prop-default">inst_0</resptr>
        </resptr-prop>
        <geoname-prop name=":hasLocation">
            <geoname permissions="prop-default" comment="London">6697862</geoname>
        </geoname-prop>
        <uri-prop name=":hasExternalLink">
            <uri permissions="prop-default">https://www.britishmuseum.org/collection/object/W_K-3375</uri>
        </uri-prop>
    </resource>

    <resource label="Deluge" restype=":Image2D" id="img_obj_1" permissions="res-default">
        <bitstream>Images/Danby-deluge.jpg</bitstream>
        <text-prop name=":hasTitle">
            <text permissions="prop-default" encoding="utf8">The Deluge</text>
        </text-prop>
        <resptr-prop name=":hasCreator">
            <resptr permissions="prop-default">person_2</resptr>
        </resptr-prop>
        <date-prop name=":hasDate">
            <date permissions="prop-default">GREGORIAN:CE:1877:CE:1879</date>
        </date-prop>
        <text-prop name=":hasDescription">
            <text permissions="prop-default" encoding="utf8">Oil paint on canvas. The subject is from the book Genesis
                in the Old Testament. God
                sends a flood and spares only Noah and his family.
            </text>
        </text-prop>
        <text-prop name=":hasCopyright">
            <text permissions="prop-default" encoding="utf8">The Deluge, Francis Danby,1877-1879, Photo: © Tate, London
                [2020]
            </text>
        </text-prop>
        <resptr-prop name=":inInstitution">
            <resptr permissions="prop-default">inst_1</resptr>
        </resptr-prop>
        <geoname-prop name=":hasLocation">
            <geoname permissions="prop-default" comment="London">6695209</geoname>
        </geoname-prop>
        <uri-prop name=":hasExternalLink">
            <uri permissions="prop-default">https://www.tate.org.uk/art/artworks/danby-the-deluge-t01337</uri>
        </uri-prop>
    </resource>

    <resource label="Liberté, j'écris ton nom" restype=":Image2D" id="img_obj_2" permissions="res-default">
        <bitstream>Images/Leger-Eluard.jpg</bitstream>
        <text-prop name=":hasTitle">
            <text permissions="prop-default" encoding="utf8">Liberté</text>
        </text-prop>
        <resptr-prop name=":hasCreator">
            <resptr permissions="prop-default">person_3</resptr>
        </resptr-prop>
        <date-prop name=":hasDate">
            <date permissions="prop-default">GREGORIAN:CE:1953</date>
        </date-prop>
        <text-prop name=":hasDescription">
            <text permissions="prop-default" encoding="utf8">Illustration of the poem "Liberté" by Paul Éluard.</text>
        </text-prop>
        <text-prop name=":hasCopyright">
            <text permissions="prop-default" encoding="utf8">© Pierre Seghers, Paris</text>
        </text-prop>
        <resptr-prop name=":inInstitution">
            <resptr permissions="prop-default">inst_2</resptr>
        </resptr-prop>
        <geoname-prop name=":hasLocation">
            <geoname permissions="prop-default" comment="Paris">6269530</geoname>
        </geoname-prop>
        <uri-prop name=":hasExternalLink">
            <uri permissions="prop-default">https://www.centrepompidou.fr/fr/ressources/oeuvre/c8Ebapd</uri>
        </uri-prop>
    </resource>

    <resource label="Bashō, Horohoroto" restype=":Image2D" id="img_obj_3" permissions="res-default">
        <bitstream>Images/Basho_Horohoroto.jpg</bitstream>
        <text-prop name=":hasTitle">
            <text permissions="prop-default" encoding="utf8">Horohoroto</text>
        </text-prop>
        <resptr-prop name=":hasCreator">
            <resptr permissions="prop-default">person_4</resptr>
        </resptr-prop>
        <date-prop name=":hasDate">
            <date permissions="prop-default">GREGORIAN:CE:1688</date>
        </date-prop>
        <text-prop name=":hasDescription">
            <text permissions="prop-default" encoding="utf8">Picture and Poem by Matsuo Bashō.</text>
        </text-prop>
        <text-prop name=":hasCopyright">
            <text permissions="prop-default" encoding="utf8">Public domain</text>
        </text-prop>
        <uri-prop name=":hasExternalLink">
            <uri permissions="prop-default">https://en.wikipedia.org/wiki/Haiku#/media/File:Basho_Horohoroto.jpg</uri>
        </uri-prop>
    </resource>

    <resource label="Western aisle mosaic of the synagogue in En-Gedi" restype=":Image2D" id="img_obj_4" permissions="res-default">
        <bitstream>Images/EnGediMosaic.jpg</bitstream>
        <text-prop name=":hasTitle">
            <text permissions="prop-default" encoding="utf8">Western aisle mosaic of the synagogue in En-Gedi</text>
        </text-prop>
        <date-prop name=":hasDate">
            <date permissions="prop-default">JULIAN:CE:0450:CE:0500</date>
        </date-prop>
        <text-prop name=":hasDescription">
            <text permissions="prop-default" encoding="utf8">The mosaic in the western aisle of the synagogue of En-Gedi
                contains
                Hebrew and Aramaic text. The first two lines name 13 generations from Adam to
                Jafet. The following section contains the names of the zodiacal signs, the months,
                of 3 patriarchs and of 3 followers of Daniel.
            </text>
        </text-prop>
        <text-prop name=":hasCopyright">
            <text permissions="prop-default" encoding="utf8">© Rita Gautschy</text>
        </text-prop>
        <resptr-prop name=":inInstitution">
            <resptr permissions="prop-default">inst_4</resptr>
            <resptr permissions="prop-default">inst_5</resptr>
        </resptr-prop>
        <geoname-prop name=":hasLocation">
            <geoname permissions="prop-default" comment="En-Gedi">295220</geoname>
        </geoname-prop>
        <uri-prop name=":hasExternalLink">
            <uri permissions="prop-default">https://synagogues.kinneret.ac.il/synagogues/en-gedi/</uri>
        </uri-prop>
    </resource>

    <resource label="Bengal cat" restype=":Image2D" id="img_obj_5" permissions="res-default">
        <bitstream>Images/Anubis.jpg</bitstream>
        <text-prop name=":hasTitle">
            <text permissions="prop-default" encoding="utf8">Bengal cat</text>
        </text-prop>
        <text-prop name=":hasDescription">
            <text permissions="prop-default" encoding="utf8">This male Bengal cat is called Anubis. He is very curious,
                but shy.
            </text>
        </text-prop>
        <text-prop name=":hasCopyright">
            <text permissions="prop-default" encoding="utf8">© Rita Gautschy</text>
        </text-prop>
    </resource>


    <resource label="Iliad Prooem" restype=":Image2D" id="img_obj_6" permissions="res-default">
        <bitstream>Images/IliadProoem.jp2</bitstream>
        <text-prop name=":hasTitle">
            <text permissions="prop-default" encoding="utf8">Iliad Prooem</text>
        </text-prop>
        <text-prop name=":hasDescription">
            <text permissions="prop-default" encoding="utf8">This page shows the prooem of the Iliad in Greek manuscript
                1397 in St. Catherine's Monastery on Mount Sinai.
            </text>
        </text-prop>
        <text-prop name=":hasCopyright">
            <text permissions="prop-default" encoding="utf8">© Library of Congress Collection of Manuscripts in St.
                Catherine's Monastery, Mt. Sinai.
            </text>
        </text-prop>
        <resptr-prop name=":inInstitution">
            <resptr permissions="prop-default">inst_3</resptr>
        </resptr-prop>
        <geoname-prop name=":hasLocation">
            <geoname permissions="prop-default" comment="Mount Sinai">350564</geoname>
        </geoname-prop>
    </resource>

    <resource label="Gibeon Meteorite" restype=":Image2D" id="img_obj_7" permissions="res-default">
        <bitstream>Images/GibbeonMeteorite.jpg</bitstream>
        <text-prop name=":hasTitle">
            <text permissions="prop-default" encoding="utf8">Gibeon Meteorite</text>
        </text-prop>
        <text-prop name=":hasDescription">
            <text permissions="prop-default" encoding="utf8">This is a polished piece of the Gibeon Meteorite which
                shows nice Widmanstätten patterns.
            </text>
        </text-prop>
        <text-prop name=":hasCopyright">
            <text permissions="prop-default" encoding="utf8">© Rita Gautschy</text>
        </text-prop>
        <geoname-prop name=":hasLocation">
            <geoname permissions="prop-default" comment="Gibeon, Namibia">3357293</geoname>
        </geoname-prop>
        <uri-prop name=":hasExternalLink">
            <uri permissions="prop-default">https://en.wikipedia.org/wiki/Gibeon_(meteorite)</uri>
        </uri-prop>
    </resource>

    <resource label="Dendera New Year" restype=":Image2D" id="img_obj_8" permissions="res-default">
        <bitstream>Images/DenderaNeujahr.png</bitstream>
        <text-prop name=":hasTitle">
            <text permissions="prop-default" encoding="utf8">New Year's inscription from Dendera</text>
        </text-prop>
        <date-prop name=":hasDate">
            <date permissions="prop-default">JULIAN:BCE:0054:BCE:0042</date>
        </date-prop>
        <text-prop name=":hasDescription">
            <text permissions="prop-default" encoding="utf8">This text accompanies the reliefs depicting the New Year's
                procession in the eastern staircase of the Temple of Hathor in Dendera.
            </text>
        </text-prop>
        <text-prop name=":hasCopyright">
            <text permissions="prop-default" encoding="utf8">© Alexa Rickert</text>
        </text-prop>
        <resptr-prop name=":inInstitution">
            <resptr permissions="prop-default">inst_6</resptr>
        </resptr-prop>
        <geoname-prop name=":hasLocation">
            <geoname permissions="prop-default" comment="Dendera, Egypt">358422</geoname>
        </geoname-prop>
        <uri-prop name=":hasExternalLink">
            <uri permissions="prop-default">https://sailingstonetravel.com/dendera-temple-of-hathor/</uri>
        </uri-prop>
    </resource>

    <resource label="Lekythos" restype=":Image2D" id="img_obj_9" permissions="res-default">
        <bitstream>Images/BM1888-0601-716.png</bitstream>
        <text-prop name=":hasTitle">
            <text permissions="prop-default" encoding="utf8">Attic red-figured Lekythos BM 1888,601.716</text>
        </text-prop>
        <date-prop name=":hasDate">
            <date permissions="prop-default">JULIAN:BCE:0400:BCE:0380</date>
        </date-prop>
        <text-prop name=":hasDescription">
            <text permissions="prop-default" encoding="utf8">The attic red-figured Lekythos with the museum number
                1888,601.716 in the British Museum shows a depiction of the Feast of Adonis. Eros with an incense burner
                stands on a ladder between women.
            </text>
        </text-prop>
        <text-prop name=":hasCopyright">
            <text permissions="prop-default" encoding="utf8">© The Trustees of the British Museum</text>
        </text-prop>
        <resptr-prop name=":inInstitution">
            <resptr permissions="prop-default">inst_0</resptr>
        </resptr-prop>
        <geoname-prop name=":hasLocation">
            <geoname permissions="prop-default" comment="London">6697862</geoname>
        </geoname-prop>
        <uri-prop name=":hasExternalLink">
            <uri permissions="prop-default">https://www.britishmuseum.org/collection/object/G_1888-0601-716</uri>
        </uri-prop>
    </resource>

    <!-- :Text -->
    <resource label="Epic of Gilgameš, tablet 11: BM K.3375" restype=":Text" id="text_obj_0" permissions="res-default">
        <resptr-prop name=":hasTextMedium">
            <resptr permissions="prop-default">img_obj_0</resptr>
        </resptr-prop>
        <text-prop name=":hasTitle">
            <text permissions="prop-default" encoding="utf8">Epic of Gilgameš, tablet 11: British
                Museum K.3375
            </text>
        </text-prop>
        <text-prop name=":hasTranscription">
            <text permissions="prop-default" encoding="xml">
                <sup>d</sup>
                GIŠ-gim₂-maš a-na ša₂-⸢šu⸣-ma MU-ra a-na
                <sup>m</sup>
                UD-ZI ru-u₂-qi₂
                <br />
                a-na-aṭ-ṭa-la-kum₂-ma
                <sup>m</sup>
                UD-ZI
                <br />
                mi-na-tu-ka ul ⸢ša₂⸣-na-a ki-i ia-ti-ma at-ta
                <br />
                u₃ at-ta ul š[a₂-n]a-ta ki-i ia-ti-ma at-ta
                <br />
                ⸢gu-um-mur-ka⸣ [lib₃]-bi ana e-peš tu-qu-un-ti
                <br />
                [ ] a-ḫi ⸢na-ad-a⸣t e-lu ṣe-ri-ka
                <br />
                [at-t]a ⸢ki-ki-i⸣ ta-az-ziz -m]a ina UKKIN DINGIR.MEŠ
                ba-la-ṭa taš-⸢u₃⸣
                <br />
                [
                <sup>m</sup>
                UD]-ZI-tim ana ša₂-šu-ma [MU-r]a a-na
                <sup>d</sup>
                GIŠ-gim₃-maš
                <br />
                lu-up-te-ka
                <sup>d</sup>
                GIŠ-gim₂-maš a-mat ni-ṣir-ti
                <br />
                u₃ pi-riš-ti ša₂ DINGIR.MEŠ ka-a-ša₂ l[u-uq-bi]-ka
                <br />
                [U]RU šu-ri-ip-pak URU ša₂ ti-du-šu at-ta :
                <br />
                [x (x) x G]U₂
                <sup>id₂</sup>
                pu-rat-ti šak-nu
                <br />
                [UR]U ·u-u₂ la-bir-ma DINGIR.MEŠ qer-bu-uš
                <br />
                [a-n]a ša₂-kan a-bu-bi ub-⸢la⸣ lib₃-ba-šu₂-nu DINGIR.MEŠ GAL.MEŠ
                <br />
                [it]-ma-ma AD-šu₂-nu
                <sup>d</sup>
                a-num 〈:〉
                <br />
                ma-lik-šu₂-nu qu-ra-du
                <sup>d</sup>
                en-lil₂
                <br />
                [g]u-za-la₂-šu₂-nu
                <sup>d</sup>
                nin-urta 〈:〉
                <br />
                gu₂-⸢gal-la⸣-šu₂-nu
                <sup>d</sup>
                en-nu-gi
                <br />
                <sup>d</sup>
                nin-ši-ku₃
                <sup>d</sup>
                e₂-a it-ti-šu₂-nu ta-mi₃-ma
                <br />
                a-mat-su-nu u₂-ša₂-an-na-a a-na ki-ik-ki-šu₂
            </text>
        </text-prop>
        <text-prop name=":hasTransliteration">
            <text permissions="prop-default" encoding="utf8">
                Gišgimmaš ana šašuma izzakkara ana Utnapišti rūqi
                anaṭṭalakumma Utnapišti
                minatuka ul šanâ kî iatima atta
                u atta ul šanata kî iatima atta
                ⸢gummurka⸣ libbi ana epeš tuqunti
                [x]x aḫi ⸢nada⸣t elu ṣerika
                [att]a ⸢kikî⸣ tazzizma ina puḫur ilī balaṭa tēšu
                Utnapištim ana šašuma izzakkara ana Gišgimmaš
                lupteka Gišgimmaš amat niṣirti
                u pirišti ša ilī kāša luqbika
                Šurippak ālu ša tidušu atta
                ā[lu? ša ina kišā]d puratti šaknu
                āl[u] šû labirma ilū qerbu⸢šu⸣
                [an]a šakan abubi ubla libbašunu ilī rabûti
                [it]mama abušunu Anum
                malikšunu quradu Enlil
                [g]uzalašunu Ninurta
                gu⸢galla⸣šunu Ennugi
                Ninšiku Ea ittišunu tamima
                amatsunu ušannâ ana kikkišu
            </text>
        </text-prop>
        <text-prop name=":hasTranslation">
            <text permissions="prop-default" encoding="utf8">
                Gilgamesch sprach zu ihm, zum fernen Utnapischtim:
                »Schau ich auf dich, Utnapischtim,
                So sind deine Masse nicht anders — wie ich bist du,
                Ja, du bist nicht anders — wie ich bist du!
                Mein Herz ist ganz darauf gerichtet, mit dir zu kämpfen,
                Und doch ist mein Arm untätig gegen dich!
                Daher sage mir: wie tratst du in die Schar der Götter und gingst dem Leben nach?«
                Utnapischtim sprach zu ihm, zu Gilgamesch:
                »Ein Verborgenes, Gilgamesch, will ich dir eröffnen,
                Und der Götter Geheimnis will ich dir sagen.
                Schuruppak — eine Stadt, die du kennst,
                Die am Ufer des Euphrat liegt —,
                Diese Stadt war schon alt, und die Götter waren ihr nah.
                Eine Sintflut zu machen, entbrannte das Herz den grossen Göttern.
                Den Eid leistete ihr Vater Anu,
                Enlil, der Held, der sie berät,
                Ihr Minister Ninurta, ihr Deichgraf Ennugi.
                Ninschiku-Ea hatte mit ihnen geschworen;
                Ihre Rede jedoch gab er einem Rohrhaus wieder:
            </text>
        </text-prop>
        <text-prop name=":hasFindspot">
            <text permissions="prop-default" encoding="utf8">Koyunjik</text>
        </text-prop>
        <text-prop name=":hasBibliographicReference">
            <text permissions="prop-default" encoding="utf8">Bezold, C., Catalogue of the cuneiform tablets in the
                Kouyunjik Collection of the British Museum, London 1891.
            </text>
        </text-prop>
        <geoname-prop name=":hasLocation">
            <geoname permissions="prop-default" comment="London">2643743</geoname>
        </geoname-prop>
        <text-prop name=":hasCopyright">
            <text permissions="prop-default" encoding="utf8">© The Trustees of the British Museum</text>
        </text-prop>
        <uri-prop name=":hasExternalLink">
            <uri permissions="prop-default">https://www.britishmuseum.org/collection/object/W_K-3375</uri>
        </uri-prop>
        <resptr-prop name=":hasRelatedArtwork">
            <resptr permissions="prop-default">img_obj_1</resptr>
        </resptr-prop>
    </resource>

    <resource label="Western Aisle Mosaic in the synagogue of En Gedi" restype=":Text" id="text_obj_1" permissions="res-default">
        <resptr-prop name=":hasTextMedium">
            <resptr permissions="prop-default">img_obj_4</resptr>
        </resptr-prop>
        <text-prop name=":hasTitle">
            <text permissions="prop-default" encoding="utf8">Western Aisle Mosaic in the synagogue of En Gedi</text>
        </text-prop>
        <text-prop name=":hasTranscription">
            <text permissions="prop-default" encoding="utf8">
                1 אדם שת אנוש קינן מהללאל ירד
                2 חנוך מתושלח למך נוח שם חם ויפית

                3 טלה שור תאומים סרטן ארי בתולה
                4 מאוזניים עקרב קישת גדי ודלי דגים
                5 ניסן אייר סיון תמוז אב אילול
                6 תשרי מרחשון כסליו טבית שבט
                7 ואדר אברהם יצחק ויעקב שלום
                8 חנניה מישאיל ועזריה שלום על ישראל
            </text>
        </text-prop>
        <text-prop name=":hasTranslation">
            <text permissions="prop-default" encoding="utf8">
                1 Adam, Set, Enosch, Kenan, Mahalalel, Jered,
                2 Henoch, Metuschelach, Lamech, Noah, Sem, Ham und Jafet.

                3 Taleh (Widder), Schor (Stier), Teomim (Zwillinge), Sarton (Krebs), Ari (Löwe), Betulah (Jungfrau),
                4 Moznajim (Waage), Aqrab (Skorpion), Qaschat (Schütze), Gedi (Steinbock) und Deli (Wassermann),
                Dagim (Fische).
                5 Nisan, Ijjar, Sivan, Tammuz, Av, Elul,
                6 Tischri, Marcheschvan, Kislev, Tevet, Schevat
                7 und Adar. Abraham, Isaak und Jakob. Friede.
                8 Hananiah, Mishael und Azariah. Friede sei mit Israel.
            </text>
        </text-prop>
        <text-prop name=":hasFindspot">
            <text permissions="prop-default" encoding="utf8">En Gedi</text>
        </text-prop>
        <text-prop name=":hasBibliographicReference">
            <text permissions="prop-default" encoding="utf8">Levine, L. I., The Inscription in the ‘En-Gedi Synagogue,
                in: L. I. Levine (Hrsg.), Ancient Synagogues Revealed, Jerusalem 1981, 140–145.
            </text>
            <text permissions="prop-default" encoding="utf8">Magness, J., The En-Gedi Synagogue Inscription
                Reconsidered, in: Z. Weiss (Hrsg.), Ehud Netzer Volume, Eretz-Israel 31, Jerusalem 2015, 123–131.
            </text>
        </text-prop>
        <resptr-prop name=":inInstitution">
            <resptr permissions="prop-default">inst_4</resptr>
            <resptr permissions="prop-default">inst_5</resptr>
        </resptr-prop>
        <geoname-prop name=":hasLocation">
            <geoname permissions="prop-default" comment="En-Gedi">295220</geoname>
        </geoname-prop>
        <text-prop name=":hasCopyright">
            <text permissions="prop-default" encoding="utf8">© Rita Gautschy</text>
        </text-prop>
        <uri-prop name=":hasExternalLink">
            <uri permissions="prop-default">https://synagogues.kinneret.ac.il/synagogues/en-gedi/</uri>
        </uri-prop>
    </resource>

    <resource label="New Year's procession in the Temple of Hathor in Dendera" restype=":Text" id="text_obj_2" permissions="res-default">
        <resptr-prop name=":hasTextMedium">
            <resptr permissions="prop-default">img_obj_8</resptr>
        </resptr-prop>
        <text-prop name=":hasTitle">
            <text permissions="prop-default" encoding="utf8">Description of the New Year's procession in the Temple of
                Hathor in Dendara.
            </text>
        </text-prop>
        <text-prop name=":hasTransliteration">
            <text permissions="prop-default" encoding="utf8">
                p.t m ḥb ndb{w} m rš.wt ḏr ẖnm nbw.t stw.t i͗t=s i͗j=s m ḥtp r pr=s m ḥʿʿ(.wt) m ḥb=s nfr wp rnp.t
                mi͗t.t
                i͗sk m ḥb.w tp tr.w r-sꜣ ẖnm mꜢ.wt n(.t) I͗Ꜣḫw nswt ḏs=f ḥr kꜢp n=s ʿntw ḥr snṯr pr=s m sṯi͗-nṯr ḥr ḏsr
                ḥw.t-nṯr=s m ʿšꜢw wr ḥr ms n=s ʿꜢb.t ʿꜢ.t tꜢ ḥnq.t wr.tw ḫr-m-m=sn
            </text>
        </text-prop>
        <text-prop name=":hasTranslation">
            <text permissions="prop-default" encoding="utf8">
                Der Himmel ist im Fest, der Erdboden ist in Freude, weil sich die Goldene mit den Strahlen ihres Vaters
                vereint. Sie kommt in Frieden zu ihrem Haus in Jubel an ihrem schönen Fest „Eröffner des Jahres“
                (Neujahrsfest), ebenso an den Festen zu den Zeiten nach der Vereinigung mit den Strahlen des Glänzenden.
                Der König selbst räuchert für sie mit Myrrhe beim Beweihräuchern ihres Hauses mit dem Gottesduft, beim
                Weihen ihres Tempels mit einer großen Menge, beim Bringen eines großen Speiseopfers für sie, Brot und
                Bier sind zahlreich unter ihnen.
            </text>
        </text-prop>
        <text-prop name=":hasFindspot">
            <text permissions="prop-default" encoding="utf8">Dendera</text>
        </text-prop>
        <text-prop name=":hasBibliographicReference">
            <text permissions="prop-default" encoding="utf8">Rickert, A., Eine Beschreibung der Neujahrsprozession im
                Hathortempel von Dendera, in: R. Färber und R. Gautschy (Hrsg.), Zeit in den Kulturen des Altertums.
                Antike Chronologie im Spiegel der Quellen, Köln 2020, 127–136.
            </text>
        </text-prop>
        <resptr-prop name=":inInstitution">
            <resptr permissions="prop-default">inst_6</resptr>
        </resptr-prop>
        <geoname-prop name=":hasLocation">
            <geoname permissions="prop-default" comment="Dendera">358422</geoname>
        </geoname-prop>
        <text-prop name=":hasCopyright">
            <text permissions="prop-default" encoding="utf8">© Alexa Rickert</text>
        </text-prop>
    </resource>

    <resource label="Liberté" restype=":Text" id="text_obj_3" permissions="res-default">
        <resptr-prop name=":hasAuthor">
            <resptr permissions="prop-default">person_3</resptr>
        </resptr-prop>
        <text-prop name=":hasTitle">
            <text permissions="prop-default" encoding="utf8">Liberté</text>
        </text-prop>
        <text-prop name=":hasTranscription">
            <text permissions="prop-default" encoding="utf8">
                Sur mes cahiers d’écolier
                Sur mon pupitre et les arbres
                Sur le sable sur la neige
                J’écris ton nom

                Sur toutes les pages lues
                Sur toutes les pages blanches
                Pierre sang papier ou cendre
                J’écris ton nom

                Sur les images dorées
                Sur les armes des guerriers
                Sur la couronne des rois
                J’écris ton nom

                Sur la jungle et le désert
                Sur les nids sur les genêts
                Sur l’écho de mon enfance
                J’écris ton nom

                Sur les merveilles des nuits
                Sur le pain blanc des journées
                Sur les saisons fiancées
                J’écris ton nom

                Sur tous mes chiffons d’azur
                Sur l’étang soleil moisi
                Sur le lac lune vivante
                J’écris ton nom

                Sur les champs sur l’horizon
                Sur les ailes des oiseaux
                Et sur le moulin des ombres
                J’écris ton nom

                Sur chaque bouffée d’aurore
                Sur la mer sur les bateaux
                Sur la montagne démente
                J’écris ton nom

                Sur la mousse des nuages
                Sur les sueurs de l’orage
                Sur la pluie épaisse et fade
                J’écris ton nom

                Sur les formes scintillantes
                Sur les cloches des couleurs
                Sur la vérité physique
                J’écris ton nom

                Sur les sentiers éveillés
                Sur les routes déployées
                Sur les places qui débordent
                J’écris ton nom

                Sur la lampe qui s’allume
                Sur la lampe qui s’éteint
                Sur mes maisons réunies
                J’écris ton nom
                Sur le fruit coupé en deux
                Du miroir et de ma chambre
                Sur mon lit coquille vide
                J’écris ton nom

                Sur mon chien gourmand et tendre
                Sur ses oreilles dressées
                Sur sa patte maladroite
                J’écris ton nom

                Sur le tremplin de ma porte
                Sur les objets familiers
                Sur le flot du feu béni
                J’écris ton nom

                Sur toute chair accordée
                Sur le front de mes amis
                Sur chaque main qui se tend
                J’écris ton nom

                Sur la vitre des surprises
                Sur les lèvres attentives
                Bien au-dessus du silence
                J’écris ton nom

                Sur mes refuges détruits
                Sur mes phares écroulés
                Sur les murs de mon ennui
                J’écris ton nom

                Sur l’absence sans désir
                Sur la solitude nue
                Sur les marches de la mort
                J’écris ton nom

                Sur la santé revenue
                Sur le risque disparu
                Sur l’espoir sans souvenir
                J’écris ton nom

                Et par le pouvoir d’un mot
                Je recommence ma vie
                Je suis né pour te connaître
                Pour te nommer

                Liberté.
            </text>
        </text-prop>
        <text-prop name=":hasTranslation">
            <text permissions="prop-default" encoding="utf8">
                Auf meine Schulhefte
                Auf mein Pult und die Bäume
                Auf den Sand auf den Schnee
                Schreib ich deinen Namen

                Auf alle gelesenen Seiten
                Auf alle leeren Seiten
                Stein Blut Papier oder Asche
                Schreib ich deinen Namen

                Auf die Heiligenbilder
                Auf die Waffen der Krieger
                Auf die Krone der Könige
                Schreib ich deinen Namen

                Auf den Dschungel und die Wüste
                Auf die Nester auf die Ginsterbüsche
                Auf das Echo meiner Kindheit
                Schreib ich deinen Namen

                Auf die Wunder der Nächte
                Auf das Weißbrot der Tage
                Auf die verlobten Gezeiten
                Schreib ich deinen Namen

                Auf all meine Fetzen Himmelblau
                Auf den schimmligen Sonnenteich
                Auf den frischen Mondsee
                Schreib ich deinen Namen

                Auf die Felder auf den Horizont
                Auf die Schwingen der Vögel
                Und auf die Mühle der Schatten
                Schreib ich deinen Namen

                Auf jeden Hauch Morgenrot
                Auf das Meer auf die Schiffe
                Auf das wahnsinnige Gebirge
                Schreib ich deinen Namen

                Auf das Moos der Wolken
                Auf den Schweiß der Stürme
                Auf den dichten faden Regen
                Schreib ich deinen Namen

                Auf die funkelnden Formen
                Auf die Glocken der Farben
                Auf die physische Wahrheit
                Schreib ich deinen Namen

                Auf die munteren Pfade
                Auf die entfalteten Straßen
                Auf die überquellenden Plätze
                Schreib ich deinen Namen

                Auf die Lampe die angeht
                Auf die Lampe die ausgeht
                Auf meine vereinten Häuser
                Schreib ich deinen Namen

                Auf die halbierte Frucht
                Des Spiegels und meiner Kammer
                Auf meines Bettes leere Muschel
                Schreib ich deinen Namen

                Auf meinen gefräßigen und sanften Hund
                Auf seine gespitzten Ohren
                Auf seine täppische Pfote
                Schreib ich deinen Namen

                Auf das Sprungbrett meiner Tür
                Auf die häuslichen Dinge
                Auf das Wallen gesegneter Glut
                Schreib ich deinen Namen

                Auf jeden sich schenkenden Leib
                Auf die Stirn meiner Freunde
                Auf jede gereichte Hand
                Schreib ich deinen Namen

                Auf das Fenster des Verwunderns
                Auf die erwartenden Lippen
                Hoch über das Schweigen
                Schreib ich deinen Namen

                Auf meine zerstörten Zufluchten
                Auf meine zerfallenen Leuchttürme
                Auf die Mauern meines Leids
                Schreib ich deinen Namen

                Auf die wunschlose Trance
                Auf die nackte Einsamkeit
                Auf die Treppenstufen des Todes
                Schreib ich deinen Namen

                Auf die zurückgekehrte Gesundheit
                Auf die entschwundene Gefahr
                Auf die Hoffnung ohne Erinnerung
                Schreib ich deinen Namen

                Und durch die Macht eines Wortes
                Beginn ich mein Leben neu
                Ich bin geboren dich zu kennen
                Dich zu nennen

                Freiheit.
            </text>
        </text-prop>
        <text-prop name=":hasBibliographicReference">
            <text permissions="prop-default" encoding="utf8">Éluard, P., Poésie et vérité, Paris 1942.</text>
        </text-prop>
        <resptr-prop name=":hasRelatedArtwork">
            <resptr permissions="prop-default">img_obj_2</resptr>
        </resptr-prop>
    </resource>

    <resource label="Dragonfly and Ant" restype=":Text" id="text_obj_4" permissions="res-default">
        <resptr-prop name=":hasAuthor">
            <resptr permissions="prop-default">person_5</resptr>
        </resptr-prop>
        <text-prop name=":hasTitle">
            <text permissions="prop-default" encoding="utf8">Стрекоза и Муравей</text>
        </text-prop>
        <text-prop name=":hasTranscription">
            <text permissions="prop-default" encoding="utf8">
                Стрекоза и Муравей

                Попрыгунья Стрекоза
                Лето красное пропела;
                Оглянуться не успела,
                Как зима катит в глаза.
                Помертвело чисто поле;
                Нет уж дней тех светлых боле,
                Как под каждым ей листком
                Был готов и стол, и дом.
                Все прошло: с зимой холодной
                Нужда, голод настает;
                Стрекоза уж не поет:
                И кому же в ум пойдет
                На желудок петь голодный!
                Злой тоской удручена,
                К Муравью ползет она:
                «Не оставь меня, кум милый!
                Дай ты мне собраться с силой
                И до вешних только дней
                Прокорми и обогрей!» —
                «Кумушка, мне странно это:
                Да работала ль ты в лето?» —
                Говорит ей Муравей.
                «До того ль, голубчик, было?
                В мягких муравах у нас
                Песни, резвость всякий час,
                Так, что голову вскружило». —
                «А, так ты...» — «Я без души
                Лето целое все пела». —
                «Ты все пела? это дело:
                Так поди же, попляши!»
            </text>
        </text-prop>
        <text-prop name=":hasTransliteration">
            <text permissions="prop-default" encoding="utf8">
                Strekoza i Muravej
                Poprygunʹja Strekoza
                Leto krasnoe propela;
                Ogljanutʹsja ne uspela,
                Kak zima katit v glaza.
                Pomertvelo čisto pole;
                Net už dnej teh svetlyh bole,
                Kak pod každym ej listkom
                Byl gotov i stol, i dom.
                Vse prošlo: s zimoj holodnoj
                Nužda, golod nastaet;
                Strekoza už ne poet:
                I komu že v um pojdet
                Na želudok petʹ golodnyj!
                Zloj toskoj udručena,
                K Muravʹju polzet ona:
                «Ne ostavʹ menja, kum milyj!
                Daj ty mne sobratʹsja s siloj
                I do vešnih tolʹko dnej
                Prokormi i obogrej!» —
                «Kumuška, mne stranno èto:
                Da rabotala lʹ ty v leto?» —
                Govorit ej Muravej.
                «Do togo lʹ, golubčik, bylo?
                V mjagkih muravah u nas
                Pesni, rezvostʹ vsjakij čas,
                Tak, čto golovu vskružilo». —
                «A, tak ty...» — «Ja bez duši
                Leto celoe vse pela». —
                «Ty vse pela? èto delo:
                Tak podi že, popljaši!»
            </text>
        </text-prop>
        <text-prop name=":hasTranslation">
            <text permissions="prop-default" encoding="utf8">
                A playful prankish Dragonfly
                The whole Summer have sung out
                Finally, she looked about;
                Winter 's already coming by.
                Like deceased the forest stays.
                Where are you, those happy days,
                When for her, under each tree,
                Was a home with tart and tea?
                The evil Winter took all it,
                Leaving only some cold and need.
                Dragonfly sings no more,
                As she used to do before.
                And who would, in the times that sore?
                To escape th' untimely end,
                She is creeping to an Ant
                With the bitter her lament.
                "Oh", she said, "My gentle friend,

                I do beg you, be so dear,
                Do not leave me to die here,
                Give some shelter, food, and drink
                For half-a-year,
                Till the Spring".
                "Did you work at all in Summer?"
                Asked the Ant with a slight stammer,
                "Such a speech is strange to hear."

                Dragonfly said, "Alas, my dear,
                No I didn't. Listen, I'm...
                Just I hadn't any time.
                Whole Summer we were playing `and
                singing". "Well", answers the Ant,
                "Did you sing?
                This is the thing!
                Now, you'll have your chance
                To dance."
            </text>
        </text-prop>
    </resource>

    <resource label="horohoroto" restype=":Text" id="text_obj_5" permissions="res-default">
        <resptr-prop name=":hasTextMedium">
            <resptr permissions="prop-default">img_obj_3</resptr>
        </resptr-prop>
        <resptr-prop name=":hasAuthor">
            <resptr permissions="prop-default">person_4</resptr>
        </resptr-prop>
        <text-prop name=":hasTitle">
            <text permissions="prop-default" encoding="utf8">horohoroto</text>
        </text-prop>
        <text-prop name=":hasTranscription">
            <text permissions="prop-default" encoding="utf8">ほろほろと山吹ちるかたきのおと</text>
        </text-prop>
        <text-prop name=":hasTransliteration">
            <text permissions="prop-default" encoding="utf8">horohoro to / yamabuki chiru ka / taki no oto</text>
        </text-prop>
        <text-prop name=":hasTranslation">
            <text permissions="prop-default" encoding="utf8">
                petal after petal
                mountain roses flutter down:
                the thunder of water fall
            </text>
        </text-prop>
        <geoname-prop name=":hasLocation">
            <geoname permissions="prop-default" comment="Japan">1861060</geoname>
        </geoname-prop>
        <text-prop name=":hasCopyright">
            <text permissions="prop-default" encoding="utf8">Public domain</text>
        </text-prop>
    </resource>

    <resource label="Hasad" restype=":Text" id="text_obj_6" permissions="res-default">
        <resptr-prop name=":hasAuthor">
            <resptr permissions="prop-default">person_6</resptr>
        </resptr-prop>
        <text-prop name=":hasTitle">
            <text permissions="prop-default" encoding="utf8">Hasad</text>
        </text-prop>
        <text-prop name=":hasTranscription">
            <text permissions="prop-default" encoding="utf8">
                عندما يتأتى ليَ الشعرُ،
                أحسد نفسي،
                ويذهب عني احتمالُ المرَضْ.
                وتحْضرُني الكائناتُ، لأنصحَها،
                وأميّزَ ما بينَها،
                وأحدّدَ في طيّها جوْهراً أو عرَضْ.
            </text>
        </text-prop>
        <text-prop name=":hasTransliteration">
            <text permissions="prop-default" encoding="utf8">
                ʿindamā yataʾattā lī š-šiʿr,
                ʾaḥsudu nafsī,
                wa-yaḏhabu ʿannī ḥtmālu l-maraḍ.
                wa-yaḥḍurunī l-kāʾināt, li-ʾanṣaḥahā,
                wa-ʾumayyiza mā baynahā,
                wa-ʾuḥaddida fī ṭayyihā ǧawharan ʾaw ʿaraḍan.
            </text>
        </text-prop>
        <text-prop name=":hasTranslation">
            <text permissions="prop-default" encoding="utf8">
                When poetry yields to me
                I envy myself.
                The odds of malady fade
                and all creatures attend to me
                as I discern them
                and determine, in their folds,
                essence from excess.
            </text>
        </text-prop>
        <geoname-prop name=":hasLocation">
            <geoname permissions="prop-default" comment="Lebanon">272103</geoname>
        </geoname-prop>
        <text-prop name=":hasCopyright">
            <text permissions="prop-default" encoding="utf8">© Ǧawdat Faḫr al-Din</text>
        </text-prop>
        <uri-prop name=":hasExternalLink">
            <uri permissions="prop-default">https://arablit.org/2020/04/02/a-street-in-the-pandemic-other-poems-by-jawdat-fakhreddine</uri>
        </uri-prop>
    </resource>

    <!-- Book: -->
    <resource label="Iliad" restype=":Book" id="book_obj_0" permissions="res-default">
        <text-prop name=":hasTitle">
            <text permissions="prop-default" encoding="utf8">Greek Manuscripts from 1397. Iliad (I-V).</text>
        </text-prop>
        <text-prop name=":hasDescription">
            <text permissions="prop-default" encoding="utf8">Manuscript containing the Iliad of Homer kept in St.
                Catherine's Monastery in Mt. Sinai.
            </text>
        </text-prop>
        <resptr-prop name=":hasAuthor">
            <resptr permissions="prop-default">person_0</resptr>
        </resptr-prop>
        <date-prop name=":hasDate">
            <date permissions="prop-default">GREGORIAN:CE:1700:CE:1799</date>
        </date-prop>
        <resptr-prop name=":inInstitution">
            <resptr permissions="prop-default">inst_0</resptr>
        </resptr-prop>
        <geoname-prop name=":hasLocation">
            <geoname permissions="prop-default" comment="Mt. Sinai">350564</geoname>
        </geoname-prop>
        <text-prop name=":hasCopyright">
            <text permissions="prop-default" encoding="utf8">Library of Congress Collection of Manuscripts in St.
                Catherine's Monastery, Mt. Sinai.
            </text>
        </text-prop>
        <uri-prop name=":hasExternalLink">
            <uri permissions="prop-default">https://www.loc.gov/item/00279382687-ms</uri>
        </uri-prop>
    </resource>

    <!-- Page: -->
    <resource label="Iliad, Prooem" restype=":Page" id="page_obj_0" permissions="res-default">
        <resptr-prop name=":hasTextMedium">
            <resptr permissions="prop-default">img_obj_6</resptr>
        </resptr-prop>
        <text-prop name=":hasPagenum">
            <text permissions="prop-default" encoding="utf8">3</text>
        </text-prop>
        <text-prop name=":hasDescription">
            <text permissions="prop-default" encoding="utf8">Page which contains the prooem of the Iliad of Homer.
            </text>
        </text-prop>
        <resptr-prop name=":partOf">
            <resptr permissions="prop-default">book_obj_0</resptr>
        </resptr-prop>
        <text-prop name=":hasTranscription">
            <text permissions="prop-default" encoding="utf8">
                𝛍ῆ𝝼𝛊𝝼 ἄ𝛆𝛊𝛅𝛆 𝛉𝛆ὰ 𝝥𝛈𝝺𝛈ϊά𝛅𝛆𝞈 Ἀ𝞆𝛊𝝺ῆ𝝾𝞁
                𝝾ὐ𝝺𝝾𝛍έ𝝼𝛈𝝼, ἥ 𝛍𝞄𝞀ί’ Ἀ𝞆𝛂𝛊𝝾ῖ𝞁 ἄ𝝺𝝲𝛆’ ἔ𝛉𝛈𝝹𝛆,
                𝝿𝝾𝝺𝝺ὰ𝞁 𝛅’ ἰ𝛗𝛉ί𝛍𝝾υ𝞁 𝞇𝞄𝞆ὰ𝞁 Ἄϊ𝛅𝛊 𝝿𝞀𝝾ΐ𝛂𝞇𝛆𝝼
                ἡ𝞀ώ𝞈𝝼, 𝛂ὐ𝛕𝝾ὺ𝞁 𝛅ὲ ἑ𝝺ώ𝞀𝛊𝛂 𝛕𝛆ῦ𝞆𝛆 𝝹ύ𝝼𝛆𝛔𝛔𝛊𝝼
                𝝾ἰ𝞈𝝼𝝾ῖ𝛔𝛊 𝛕𝛆 𝝿ᾶ𝛔𝛊, 𝝙𝛊ὸ𝞁 𝛅’ ἐ𝛕𝛆𝝺𝛆ί𝛆𝛕𝝾 𝝱𝝾𝞄𝝺ή,
                ἐ𝝽 𝝾ὗ 𝛅ὴ 𝛕ὰ 𝝿𝞀ῶ𝛕𝛂 𝛅𝛊𝛂𝛔𝛕ή𝛕𝛈𝝼 ἐ𝞀ί𝛔𝛂𝝼𝛕𝛆
                Ἂ𝛕𝞀𝛆ΐ𝛅𝛈𝞁 𝛕𝛆 ἄ𝝼𝛂𝝽 ἀ𝝼𝛅𝞀ῶ𝝼 𝝹𝛂ὶ 𝛅ῖ𝝾𝞁 Ἀ𝞆𝛊𝝺𝝺𝛆ὺ𝞁.
            </text>
        </text-prop>
        <text-prop name=":hasTransliteration">
            <text permissions="prop-default" encoding="utf8">
                Mẹ̄nin aeịde, theạ, Pēlẹ̄iadeọ̄ Achilẹ̄os
                Oụlomenẹ̄n, hē mỵri' Achaịois ạlge' ethẹ̄ke,
                pọllas d' ịphthimoụs psychạs Hadị proiạpsen
                hẹ̄rōọ̄n, autoụs de helọ̄ria teụche kynẹssin
                oịōnoịsi te pạsi, Diọs, d' eteleịeto boụlē,
                ẹx hou dẹ̄ ta prọ̄ta diạstētẹ̄n erisạnte
                Ạtreidẹ̄s te anạx andrọ̄n kai dịos Achịlleus
            </text>
        </text-prop>
        <text-prop name=":hasTranslation">
            <text permissions="prop-default" encoding="utf8">
                Singe den Zorn, o Göttin, des Peleiaden Achilleus,
                Ihn, der entbrannt den Achaiern unnennbaren Jammer erregte,
                Und viel tapfere Seelen der Heldensöhne zum Aïs
                Sendete, aber sie selbst zum Raub darstellte den Hunden,
                Und dem Gevögel umher. So ward Zeus Wille vollendet:
                Seit dem Tag, als erst durch bitteren Zank sich entzweiten
                Atreus Sohn, der Herrscher des Volks, und der edle Achilleus.
            </text>
            <text permissions="prop-default" encoding="utf8">
                Sing, O goddess, the anger of Achilles son of Peleus, that brought
                countless ills upon the Achaeans. Many a brave soul did it send
                hurrying down to Hades, and many a hero did it yield a prey to dogs
                and vultures, for so were the counsels of Jove fulfilled from the day
                on which the son of Atreus, king of men, and great Achilles, first
                fell out with one another.
            </text>
        </text-prop>
        <text-prop name=":hasBibliographicReference">
            <text permissions="prop-default" encoding="utf8">Homer, Greek Manuscripts, Iliad I-V, 1700. Manuscript/Mixed
                Material. Retrieved from the Library of Congress (www.loc.gov/item/00279382687-ms/).
            </text>
        </text-prop>
    </resource>

    <!-- :Text for Audio -->
    <resource label="EderleziText" restype=":Text" id="text_obj_7" permissions="res-default">
        <resptr-prop name=":hasAuthor">
            <resptr permissions="prop-default">person_7</resptr>
        </resptr-prop>
        <text-prop name=":hasTitle">
            <text permissions="prop-default" encoding="utf8">Ederlezi</text>
        </text-prop>
        <text-prop name=":hasOriginalText">
            <text permissions="prop-default" encoding="utf8">
                Ederlezi - Romani

                Sa me amala oro khelena
                Oro khelena, dive kerena
                Sa O Roma, daje
                Sa O Roma, babo babo
                Sa O Roma, O daje
                Sa O Roma, babo babo
                Ederlezi, Ederlezi
                Sa O Roma, daje

                Sa O Roma babo,
                e bakren činen,
                A me, čorro,
                dural bešava
                Romano dive, amaro dive
                Amaro dive, Ederlezi

                E devado babo,
                amenge bakro
                Sa O Roma babo,
                e bakren činen

                Sa O Roma, babo babo
                Sa O Roma, O daje
                Sa O Roma, babo babo
                Ederlezi, Ederlezi
                Sa O Roma, daje
            </text>
        </text-prop>
        <text-prop name=":hasTranslation">
            <text permissions="prop-default" encoding="utf8">
                Ederlezi - Serbokroatisch/Ungarisch

                Gyere, gyere velem tavasz jár már,
                gyöngyvirág lesz majd a párnád,
                gyöngyvirág lesz majd a párnád,
                örök hűség vár rád!

                Gyere, gyere velem hív a hajnal,
                nincsen felhő nincsen csillag,
                nincsen felhő nincsen csillag,
                pihenj karjaimban!

                Proljeće na moje rame slijeće
                Đurđevak zeleni
                Đurđevak zeleni
                svima osim meni.

                Drumovi odoše a ja osta
                nema zvijezde danice
                nema zvijezde danice
                moje saputnice.

                Hej, evo zore, evo zore
                Bogu da se pomolim
                evo zore, evo zore
                hej, Đurđevdan je
                a ja nisam s onom koju volim.

                Hej, evo zore, evo zore
                Bogu da se pomolim
                evo zore, evo zore
                hej, Đurđevdan je
                a ja nisam s onom koju volim.
            </text>
            <text permissions="prop-default" encoding="utf8">
                Эдерлези - Russisch

                Пойдем, пойдем со мной, пришла весна,
                Пусть ландыш будет подушкой
                Пусть ландыш будет подушкой
                Вечная верность ждет тебя!

                Пойдем, пойдем со мной, заря зовет
                Не облака, и не звезды в небе,
                Не облака, и не звезды в небе,
                Приди отдохнуть в мои руки!

                Весна садится на мое плечо
                Ландыш цветет
                Ландыш цветет
                Для всех, кроме меня

                Дороги продолжались, но я остался
                Нет утренней звезды
                Нет утренней звезды
                Моей спутницы

                Вот рассвет, вот рассвет
                Я буду молиться Богу
                Вот рассвет, вот рассвет
                Это День Святого Георгия
                И я не с той, которую люблю

                Вот рассвет, вот рассвет
                Я буду молиться Богу
                Вот рассвет, вот рассвет
                Это День Святого Георгия
                И я не с той, которую люблю
            </text>
        </text-prop>
        <text-prop name=":hasTranslation">
            <text permissions="prop-default" encoding="utf8">
                Ederlezi - English

                Come, come with me, spring has come,
                Let the lily of the valley be your pillow
                Let the lily of the valley be your pillow
                Eternal faithfulness awaits you!

                Come, come with me, the dawn is calling
                Not a cloud, not a star in the sky,
                Not a cloud, not a star in the sky,
                Come rest in my arms!

                Spring alights on my shoulder
                Lily of the valley is flowering
                Lily of the valley is flowering
                For everyone but me

                The roads continued on but I stayed
                The morning star is gone
                The morning star is gone
                My companion

                Behold the dawn, behold the dawn
                I'll pray to God
                Behold the dawn, behold the dawn
                It's St George's Day
                And I'm not with the one I love

                Behold the dawn, behold the dawn
                I'll pray to God
                Behold the dawn, behold the dawn
                It's St George's Day
                And I'm not with the one I love
            </text>
            <text permissions="prop-default" encoding="utf8">
                Ederlezi - French

                Viens, viens avec moi, le printemps est arrivé,
                Le muguet sera notre oreiller
                Le muguet sera notre oreiller
                La fidelité éternelle t'attend

                Viens, viens avec moi, l'aurore nous appelle
                Un ciel sans nuage, sans étoile
                Un ciel sans nuage, sans étoile
                Viens te reposer dans mes bras!

                Le printemps se pose sur mon épaule
                Le muguet éclot
                Le muguet éclot
                Pour tout le monde, sauf moi

                Les chemins se sont parties, et moi je suis restée
                L'étoile du matin est disparue
                L'étoile du matin est disparue
                Mon compagnon

                Regarde, l'aube se lève, l'aube se lève
                Je vais prier à Dieu
                L'aube se lève, l'aube se lève
                Ô, c'est le jour de Saint Georges
                Et je ne suis pas avec celui que j'aime

                Regarde, l'aube se lève, l'aube se lève
                Je vais prier à Dieu
                L'aube se lève, l'aube se lève
                Ô, c'est le jour de Saint Georges
                Et je ne suis pas avec celui que j'aime
            </text>
            <text permissions="prop-default" encoding="utf8">
                Đurđevdan - srpski, latinica

                Proljeće na moje rame slijeće
                Đurđevak zeleni
                Đurđevak zeleni
                Svima osim meni

                Drumovi odoše a ja osta
                Nema zvijezde Danice
                Nema zvijezde Danice
                Moje saputnice

                Ej kome sada moja draga
                Na đurđevak miriše
                Na đurđevak miriše
                Meni nikad više

                Evo zore evo zore
                Bogu da se pomolim
                Evo zore evo zore
                Ej Đurđevdan je
                A ja nisam s onom koju volim

                Njeno ime neka se spominje
                Svakog drugog dana
                Svakog drugog dana
                Osim Đurđevdana
            </text>
            <text permissions="prop-default" encoding="utf8">
                Ђурђевдан - српски, ћирилица

                Пролеће на моjе раме слиjеће.
                Ђурђевак зелени,
                Ђурђевак зелени
                Свима осим мени.

                Друмови одоше а jа остах,
                Нема звиjезде данице,
                Нема звиjезде данице,
                Моjе сапутнице.

                Еj, коме сада моjа драга
                На ђурђевак мирише,
                На ђурђевак мирише,
                Мени никад више.

                Еj, ево зоре, ево зоре,
                Богу да се помолим.
                Ево зоре, ево зоре,
                Ђурђевдан jе,
                А jа нисам с оном коjу волим.

                Њено име нека се спомиње
                Сваког другог дана,
                Сваког другог дана,
                Осим ђурђевдана.

                Еj, ево зоре, ево зоре,
                Богу да се помолим.
                Ево зоре, ево зоре,
                Ђурђевдан jе,
                А jа нисам с оном коjу волим.
            </text>
        </text-prop>
        <text-prop name=":hasCopyright">
            <text permissions="prop-default" encoding="utf8">
                © Goran Bregović
                © https://lyricstranslate.com
                © https://www.antiwarsongs.org/
            </text>
        </text-prop>
        <uri-prop name=":hasExternalLink">
            <uri permissions="prop-default">https://lyricstranslate.com</uri>
            <uri permissions="prop-default">https://www.antiwarsongs.org/</uri>
        </uri-prop>
    </resource>

    <!-- :Object -->
    <resource label="cat" restype=":Object" id="obj_0" permissions="res-default">
        <resptr-prop name=":hasImage">
            <resptr permissions="prop-default">img_obj_5</resptr>
        </resptr-prop>
        <list-prop list="category" name=":hasCategory">
            <list permissions="prop-default">mammals</list>
        </list-prop>
        <text-prop name=":hasName">
            <text permissions="prop-default" encoding="utf8">cat</text>
        </text-prop>
        <text-prop name=":hasDescription">
            <text permissions="prop-default" encoding="utf8">An example of a domesticated cat breed created from hybrids
                of domestic cats with the Asian leopard cat. They are called Bengals. It is very curious, loves to play
                with water and to talk a lot.
            </text>
        </text-prop>
        <decimal-prop name=":hasWeight">
            <decimal permissions="prop-default">4.8</decimal>
        </decimal-prop>
        <boolean-prop name=":isPublic">
            <boolean permissions="prop-default">true</boolean>
        </boolean-prop>
        <color-prop name=":hasColor">
            <color permissions="prop-default">#f5f5dc</color>
        </color-prop>
    </resource>

    <resource label="meteorite" restype=":Object" id="obj_1" permissions="res-default">
        <resptr-prop name=":hasImage">
            <resptr permissions="prop-default">img_obj_7</resptr>
        </resptr-prop>
        <list-prop list="category" name=":hasCategory">
            <list permissions="prop-default">physics</list>
        </list-prop>
        <text-prop name=":hasName">
            <text permissions="prop-default" encoding="utf8">meteorite</text>
        </text-prop>
        <text-prop name=":hasDescription">
            <text permissions="prop-default" encoding="utf8">This is a piece of the so-called Gibeon Meteroite that fell
                in Namibia in prehistoric times (28000-11000 BCE). It is composed of an iron-nickel alloy. Ground and
                etched, beautiful Widmanstätten patterns become visible. Widmanstätten patterns are characteristic for
                meteorite material - they cannot be formed under conditions prevailing on Earth.
            </text>
        </text-prop>
        <decimal-prop name=":hasWeight">
            <decimal permissions="prop-default">0.3</decimal>
        </decimal-prop>
        <geoname-prop name=":hasFindspot">
            <geoname permissions="prop-default" comment="Gibeon, Namibia">11821111</geoname>
        </geoname-prop>
        <boolean-prop name=":isPublic">
            <boolean permissions="prop-default">true</boolean>
        </boolean-prop>
        <color-prop name=":hasColor">
            <color permissions="prop-default">#808080</color>
        </color-prop>
    </resource>

    <resource label="lekythos" restype=":Object" id="obj_2" permissions="res-default">
        <resptr-prop name=":hasImage">
            <resptr permissions="prop-default">img_obj_9</resptr>
        </resptr-prop>
        <list-prop list="category" name=":hasCategory">
            <list permissions="prop-default">artwork</list>
        </list-prop>
        <text-prop name=":hasName">
            <text permissions="prop-default" encoding="utf8">lekythos</text>
        </text-prop>
        <text-prop name=":hasDescription">
            <text permissions="prop-default" encoding="utf8">Attic red-figured lekythos which depicts a Festival of
                Adonis. Winged Eros with an incense burner stands on a ladder between women. This vessel was found in a
                cemetery in Naucratis, Egypt.
            </text>
        </text-prop>
        <decimal-prop name=":hasWeight">
            <decimal permissions="prop-default">0.5</decimal>
        </decimal-prop>
        <geoname-prop name=":hasFindspot">
            <geoname permissions="prop-default" comment="Naukratis, Egypt">351274</geoname>
        </geoname-prop>
        <date-prop name=":hasDate">
            <date permissions="prop-default">JULIAN:BCE:0400:BCE:0380</date>
        </date-prop>
        <resptr-prop name=":inInstitution">
            <resptr permissions="prop-default">inst_0</resptr>
        </resptr-prop>
        <geoname-prop name=":hasLocation">
            <geoname permissions="prop-default" comment="London">6697862</geoname>
        </geoname-prop>
        <text-prop name=":hasInventoryNumber">
            <text permissions="prop-default" encoding="utf8">1888,0601.716</text>
        </text-prop>
        <boolean-prop name=":isPublic">
            <boolean permissions="prop-default">true</boolean>
        </boolean-prop>
        <geometry-prop name=":hasGeometry">
            <geometry permissions="prop-default">
                {
                "status":"active",
                "lineColor":"#ff3333",
                "lineWidth":2,
                "points":[
                {"x":0.08098591549295775,"y":0.16741071428571427},
                {"x":0.7394366197183099,"y":0.7299107142857143}],
                "type":"rectangle",
                "original_index":0
                }
            </geometry>
        </geometry-prop>
        <color-prop name=":hasColor">
            <color permissions="prop-default">#5d1f1e</color>
        </color-prop>
        <uri-prop name=":hasExternalLink">
            <uri permissions="prop-default">https://www.britishmuseum.org/collection/object/G_1888-0601-716</uri>
        </uri-prop>
    </resource>

    <!-- :Document -->
    <resource label="RosettaPDF" restype=":Document" id="doc_001" permissions="res-default">
        <bitstream>Documents/RosettaTestproject.pdf</bitstream>
        <text-prop name=":hasName">
            <text permissions="prop-default" encoding="utf8">Test project Rosetta</text>
        </text-prop>
        <text-prop name=":hasDescription">
            <text permissions="prop-default" encoding="utf8">This is a pdf-file which contains the data model of the
                test project Rosetta.
            </text>
        </text-prop>
    </resource>

    <resource label="RosettaCSV" restype=":TextDocument" id="doc_002" permissions="res-default">
        <bitstream>Documents/RosettaCategoryList.csv</bitstream>
        <text-prop name=":hasName">
            <text permissions="prop-default" encoding="utf8">Category list of the test project Rosetta</text>
        </text-prop>
        <text-prop name=":hasDescription">
            <text permissions="prop-default" encoding="utf8">This is a csv-file which contains the category list of the
                test project Rosetta.
            </text>
        </text-prop>
    </resource>

    <resource label="RosettaZIP" restype=":Archive" id="doc_003" permissions="res-default">
        <bitstream>Documents/Rosetta.zip</bitstream>
        <text-prop name=":hasName">
            <text permissions="prop-default" encoding="utf8">ZIP of Test project Rosetta</text>
        </text-prop>
        <text-prop name=":hasDescription">
            <text permissions="prop-default" encoding="utf8">This is a zip-file which contains information about the
                test project Rosetta.
            </text>
        </text-prop>
    </resource>

    <resource label="StygimolochZIP" restype=":Archive" id="doc_004" permissions="res-default">
        <bitstream>Documents/Stygimoloch.zip</bitstream>
        <text-prop name=":hasName">
            <text permissions="prop-default" encoding="utf8">Stygimoloch</text>
        </text-prop>
        <text-prop name=":hasDescription">
            <text permissions="prop-default" encoding="utf8">This is a zip-file which contains the data for a 3D-model
                of a Stygimoloch (dinosaur). The model was designed by D.art and is licensed under Creative Commons
                Attribution-NonCommercial
                (http://creativecommons.org/licenses/by-nc/4.0/).
            </text>
        </text-prop>
    </resource>

    <!-- :Audio -->
    <resource label="Ederlezi" restype=":Audio" id="audio_obj_0" permissions="res-restricted">
        <bitstream>Audio/Ederlezi.wav</bitstream>
        <text-prop name=":hasTitle">
            <text permissions="prop-default" encoding="utf8">Ederlezi</text>
        </text-prop>
        <resptr-prop name=":hasCreator">
            <resptr permissions="prop-default">person_7</resptr>
        </resptr-prop>
        <date-prop name=":hasDate">
            <date permissions="prop-default">GREGORIAN:CE:1988</date>
        </date-prop>
        <text-prop name=":hasDescription">
            <text permissions="prop-default" encoding="utf8">Ederlezi is a folk-song about the returning of springtime. Goran Bregović's version 
          from 1988 was used in Emir Kusturica's film Time of the Gypsies.</text>
        </text-prop>
        <interval-prop name=":hasInterval">
            <interval permissions="prop-default">0.00:4.8</interval>
        </interval-prop>
        <text-prop name=":hasCopyright">
            <text permissions="prop-default" encoding="utf8">© Goran Bregović</text>
        </text-prop>
        <geoname-prop name=":hasLocation">
            <geoname permissions="prop-default" comment="Sarajevo">3191281</geoname>
        </geoname-prop>
        <uri-prop name=":hasExternalLink">
            <uri permissions="prop-default">http://www.goranbregovic.rs/</uri>
        </uri-prop>
    </resource>

</knora>
